poblacion,sitio,web,juego,tematica,max_jugadores,rango_precio,latitud,longitud,publicar,fecha,jugadores,valoracion,observaciones,foto,Team building,Personas,Pagina
Andorra La Vella,Andorra Quest Room,http://www.andorraquestroom.com/,Misión I: Captura los contrabandistas,,5,,,,si,,,,,,no,,
Andorra La Vella,Andorra Quest Room,http://www.andorraquestroom.com/,"Misión II: Golpe al ""quest bank""",,5,,,,si,,,,,,no,,
Andorra La Vella,Andorra Quest Room,http://www.andorraquestroom.com/,Misión III: escape en el nautilua,,5,,,,si,,,,,,no,,
Andorra (Escaldes-Engordany),Claustrophobia,https://andorra.claustrophobia.com/es/quest/,Una avalancha del olvido,,4,,,,si,,,,,,,,
Andorra (Escaldes-Engordany),Claustrophobia,https://andorra.claustrophobia.com/es/quest/,Cine de la desesperanza,,8,,,,si,,,,,,,,
Arboç,Indicis,http://www.indicis.es/,,,8,,"41,26803800","1,60026600",si,,,,,,no,,
Badalona,Abduction,http://www.abduction.es/,,,6,,"41,44738700","2,24144530",si,2016-10-23,Alcaparrones,"4,25",,abduction,no,,
Badalona,Stoker Room Scape,http://stokerroomscape.cat/es/,Encuentra el manuscrito,,6,,,,si,,,,,,no,,
Barakaldo,Murder and Money,http://murderandmoney.com/,,,5,,"43,29577530","-2,99854950",si,,,,,,no,,
Barberà del Vallès,La visita room scape,https://www.lavisitaroomscape.es/,El caso Lazfer,,7,,"41,51055720","2,11569900",si,,,,,,,,
Barcelona,60' Escape,https://60escape.es/,Los infiltrados,,8,,"41,37576800","2,15560630",si,,,,,,no,,
Barcelona,Atropos,http://www.atroposescape.com/,Aegis,,6,,"41,42184770","2,17655300",,,,,,,,,
Barcelona,Barcelocked,https://barcelocked.com,Barcelocked,,6,,"41,38517300","2,17626530",si,,,,,,no,,
Barcelona,Bizarre,http://www.bizarrebcn.com/,Circus,,,,"41,37240500","2,16803700",si,,,,,,no,,
Barcelona,Bizarre,http://www.bizarrebcn.com/,Toys,,,,"41,37240500","2,16803700",si,,,,,,,,
Barcelona,Cinema Escape,http://www.cinemaescape.es/,Barum Dum,,5,,"41,42975000","2,16477500",si,,,,,,,,
Barcelona,Chicken Banana,http://chickenbanana.com,Mafia,,6,,"41,37585800","2,15582330",si,2015-09-04,Gem / Nadgi,4,,chicken_banana_mafia,no,,
Barcelona,Chicken Banana,http://chickenbanana.com,Psiquiatría,Terror,6,,"41,37585800","2,15582330",si,2015-04-18,Alcaparrones,"3,5",2 salas,chicken_banana_psiquiatria,no,,
Barcelona,Chicken Banana,http://chickenbanana.com,Prisión,,6,,"41,37585800","2,15582330",si,,,,,,,,
Barcelona,Claustrophobia,https://claustrophobia.com/,Los prisioneros de la mazmorra,,4,,"41,39170240","2,17424500",no,,,,,,no,,
Barcelona,Claustrophobia,https://claustrophobia.com/,Los bootlegers,,4,,"41,39170240","2,17424500",no,,,,,,no,,
Barcelona,Claustrophobia,https://claustrophobia.com/,La guarida del capo de la droga,,,,"41,39170240","2,17424500",no,,,,,,no,,
Barcelona,Confined,http://www.confinedbcn.com,Confined,,5,,"41,43194240","2,18778920",si,,,,,,no,,
Barcelona,Conundroom,http://www.conundroom.es/,Mr. Ascott,,,,"41,40249070","2,18011080",si,,,,,,no,,
Barcelona,Cronologic,http://www.cronologic.es,Viajes en el tiempo,,5,,"41,40922650","2,18439260",si,2015-05-03,Gem / Nadgi,4,,,no,,
Barcelona,Cronologic,http://www.cronologic.es,El viaje continua,,5,,"41,41021380","2,18688640",si,,,,,,,,
Barcelona,Doppler Room Escape,https://www.dopplerexperiences.com,Acto 1 - Vientos de Pólvora,,6,,"41,40769760","2,15746550",si,,,,,,no,,
Barcelona,Emotion,http://www.emotionescape.com/,La nube,Para niños de 8-14,7,,"41,40905440","2,16038230",si,,,,,,,,
Barcelona,Encerrado,http://www.encerrado.es,El veneno mortal,,6,,"41,41677080","2,19133800",si,2016-06-12,Nadgi,3,,,no,,
Barcelona,Encerrado,http://www.encerrado.es,Berlín 1983,,,,"41,41677080","2,19133800",si,,,,,,no,,
Barcelona,Encrypt escape room,http://encryptroom.com/,,,6,,"41,37123590","2,14030400",si,2017-09-25,Alcaparrones,4,,,no,,
Barcelona,Enigma Room Escape,http://juegoenigma.es/es/,Enigma,,5,,"41,42524500","2,17605330",si,2016-05-16,Alcaparrones,"4,5",,,no,,
Barcelona,Enigmik,http://www.enigmik.com,The Bunker,,6,,"41,40989610","2,17753130",si,2015-06-24,Bailongos,5,,,no,,
Barcelona,Escápate Barcelona,http://roomescapatebarcelona.com,El silo,,5,,"41,42259100","2,17055810",si,,,,,,no,,
Barcelona,Escape Barcelona,http://www.escapebarcelona.com,La maldición del faraón,,5,,"41,43838910","2,16500270",si,2016-04-09,Alcaparrones,"3,5",,,no,,
Barcelona,Escape Barcelona,http://www.escapebarcelona.com,El templo perdido,,5,,"41,43838910","2,16500270",si,2016-02-07,Alcaparrones,4,,,no,,
Barcelona,Escape Barcelona,http://www.escapebarcelona.com,Jurassic Land,,10,,"41,45149550","2,20243530",si,2017-06-03,Alcaparrones,"4,25",,,no,,
Barcelona,Escape Barcelona,http://www.escapebarcelona.com,Alien: el origen,,10,,"41,45149550","2,20243530",si,,,,,,,,
Barcelona,Escapa si puedes,http://www.escapasipuedes.com,Apartamento 97,,5,,"41,40525860","2,14751540",si,2015-01-03,Alcaparrones,3,,,no,,
Barcelona,Escapa si puedes,http://www.escapasipuedes.com,Agencia 29,,5,,"41,40931270","2,15602710",si,2016-11-10,Gem - Nadgi,"3,5",,,no,,
Barcelona,Escape Hunt,http://barcelona.escapehunt.com/es/,El misterio de Gaudí,,6,,"41,40203400","2,16824430",si,,,,,,no,,
Barcelona,Escape Hunt,http://barcelona.escapehunt.com/es/,Escuela de ladrones,,6,,"41,40203400","2,16824430",si,,,,,,no,,
Barcelona,Escape Hunt,http://barcelona.escapehunt.com/es/,La vampira de Barcelona,,6,,"41,40203400","2,16824430",si,,,,,,no,,
Barcelona,Escape world Barcelona,http://www.escapeworldbarcelona.com,Aventura de piratas,,5,,"41,42447320","2,17361990",si,2017-04-16,Nadgi,"3,75",,,no,,
Barcelona,Escape world Barcelona,http://www.escapeworldbarcelona.com,Las muñecas,,4,,"41,42447320","2,17361990",si,,,,,,,,
Barcelona,Espaniq,http://espaniq.es,El maníaco,,7,,"41,39992500","2,16127220",no,2015-06-13,Alcaparrones,2,,,no,,
Barcelona,Espaniq,http://espaniq.es,La cárcel,,7,,"41,39992500","2,16127220",no,,,,,,no,,
Barcelona,Fear escape room,https://fearescaperoom.com,Parasite outbreak,,7,,"41,42083500","2,17125330",si,,,,,,,,
Barcelona,Habitación 73,http://www.habitacion73.com,Habitación 73,,6,,"41,40744300","2,15689840",si,2015-06-14,Nadgi,"3,5",,,no,,
Barcelona,Horror Box,http://www.horrorbox.es/producto/jigsaw-escape-room/,Jigsaw,Terror,6,,"41,41087110","2,17847004",si,2016-05-01,Nadgi,4,,,no,,
Barcelona,Horror Box,http://www.horrorbox.es/producto/ouija-escape-room/,Ouija,Terror,6,,"41,41087110","2,17847004",si,2016-06-19,Nadgi,"4,5",,,no,,
Barcelona,Horror Box,http://www.vivetuentierro.com/,Catalepsia,,2,,"41,41087110","2,17847004",si,,,,,,,,
Barcelona,Inmersion room escape,http://www.escaperoomimmersion.com/,,,6,,"41,37825200","2,12833430",si,,,,,,,,
Barcelona,Intramuros,http://intramurosroomescape.es/,Necronomicón,,6,,"41,41149770","2,18036210",si,,,,,,no,,
Barcelona,Intrappola. To,http://intrappola.to/reservation/barcelona/,Prison room,,6,,"41,40379700","2,17871160",si,,,,,,,,
Barcelona,Intrappola. To,http://intrappola.to/reservation/barcelona/,Sacrilegium,,6,,"41,40379700","2,17871160",si,,,,,,,,
Barcelona,Intringulis,http://www.intringulisbcn.com/,Petit Piaf Hotel,,5,,"41,42604550","2,18893150",si,2016-11-20,Alcaparrones,"4,25",,,no,,
Barcelona,Kessler Galimany,http://galimany.com/room-escape,,,6,,"41,37493980","2,13571550",si,2017-03-05,Alcaparrones,4,,,no,,
Barcelona,Kidnapped in BCN,http://www.kidnappedinbcn.com/,El secuestro,,5,,"41,37928560","2,12316360",si,2017-05-07,Alcaparrones,"4,5",,,no,,
Barcelona,Komnata,http://komnataquest.es/barcelona/,Castillo Sant'Angelo,,5,,"41,38623400","2,17851930",si,,,,,,,,
Barcelona,Komnata,http://komnataquest.es/barcelona/,Siete placeres del pecado,,5,,"41,38623400","2,17851930",si,,,,,,,,
Barcelona,La Sala,http://lasaladeescape.com/,Sala 1,,7,,"41,37569010","2,13751580",si,2016-06-25,Alcaparrones,"3,5",,,no,,
Barcelona,Limit Room Escape,http://www.limitroomescape.com/,,,5,,"41,44218400","2,17456700",no,,,,,,no,,
Barcelona,Lock-clock,http://lock-clock.com/,El secreto de Gaudi,,5,,"41,38619900","2,17129630",si,,,,,,no,,
Barcelona,Lock-clock,http://lock-clock.com/,Tesoro azteca,,5,,"41,38619900","2,17129630",si,,,,,,no,,
Barcelona,Lock-clock,http://lock-clock.com/,Fiesta after,,5,,"41,38619900","2,17129630",no,,,,,,no,,
Barcelona,Lostroom,http://lostroombcn.com,La quest cosmos,,6,,"41,39433320","2,17616360",si,,,,,,no,,
Barcelona,Lostroom,http://lostroombcn.com,La fiesta de los zombies,Terror,6,,"41,39433320","2,17616360",si,,,,,,no,,
Barcelona,Lostroom,http://lostroombcn.com,Alicia en el pais de las maravillas,,6,,"41,39433320","2,17616360",si,2017-01-07,Bailongos,3,,,no,,
Barcelona,Magic escape,http://www.magicescape.es/,,,10,,"41,39496050","2,16418550",si,2016-12-08,Alcaparrones,3,,,no,,
Barcelona,Maximum escape,https://barcelona.maximumescape.com/es,Prisioneros de Alkaban,,4,,"41,38909590","2,17311740",si,,,,,,,,
Barcelona,Maximum escape,https://barcelona.maximumescape.com/es,Sherlock Holmes contra el diablo londinense,,4,,"41,38909590","2,17311740",si,,,,,,,,
Barcelona,Maximum escape,https://barcelona.maximumescape.com/es,La mazmorra:la última partida,,4,,"41,39189810","2,17375610",si,,,,,,,,
Barcelona,Maximum escape,https://barcelona.maximumescape.com/es,"Gangsters: dineros, arnas y alcohol",,4,,"41,39189810","2,17375610",si,,,,,,,,
Barcelona,Maximum escape,https://barcelona.maximumescape.com/es,Zen room,,4,,"41,39189810","2,17375610",si,,,,,,,,
Barcelona,Maximum escape,https://barcelona.maximumescape.com/es,Refugio 27,,5,,"41,39189810","2,17375610",si,,,,,,,,
Barcelona,Mistery plan,http://www.misteryplan.es,La maldición de Tutankamon,,7,,,,si,,,,montaje en casa,,no,,
Barcelona,Mistery plan,http://www.misteryplan.es,CORRUPTOPOLY$,,,,,,si,,,,montaje en casa,,no,,
Barcelona,Mystery escape barcelona,http://mysteryescape.es,El misteri de la mansión,,5,,"41,40705640","2,20068860",si,,,,,,no,,
Barcelona,Pandemya,http://www.pandemya.com/,,,6,,"41,37490740","2,12937970",si,,,,,,no,,
Barcelona,Parapark 1,http://parapark.es,Habitacle 113,,5,,"41,37428750","2,13806980",no,2016-05-15,Nadgi,3,,,no,,
Barcelona,Parapark 2,http://parapark.es,Experimento nº5,,5,,"41,37796360","2,13430810",no,2016-11-10,Nadgi,3,,,no,,
Barcelona,Picadero motel,http://www.picaderomotel.com/,Picadero motel,Terror,6,,"41,40752910","2,16477140",si,2016-01-24,Nadgi,4,,,no,,
Barcelona,Proyecto Target,http://proyectotarget.com,Proyecto Target,,6,,"41,37141900","2,14346030",si,2015-08-05,Alcaparrones,"4,5",,,no,,
Barcelona,Questeros,http://questeros.es/,Pesadilla en la calle Diputació,,5,,"41,38334840","2,15582740",si,,,,,,,,
Barcelona,Questeros,http://questeros.es/,Rebelión de las máquinas,,6,,"41,38334840","2,15582740",si,,,,,,,,
Barcelona,Questeros,http://questeros.es/,Escape Houdini,,5,,"41,38334840","2,15582740",si,,,,,,,,
Barcelona,Questory,http://questory.es,Asalto a la guarida,,5,,"41,38082170","2,13162800",si,,,,,,no,,
Barcelona,Questory,http://questory.es,Prison Break,,6,,"41,38082170","2,13162800",si,2016-07-29,Bailongos,"3,5",,,no,,
Barcelona,Questory,http://questory.es,Saw Experience,Terror,5,,"41,38082170","2,13162800",si,,,,,,,,
Barcelona,[Red]C,https://www.redcescape.com/,El maniconio,Terror,6,,"41,41916480","2,18747380",si,,,,,,,,
Barcelona,[Red]C,https://www.redcescape.com/,Pesadillas,Terror,6,,"41,41916480","2,18747380",si,,,,,,,,
Barcelona,[Red]C,https://www.redcescape.com/,Claustrophobia,Terror,4,,"41,41916480","2,18747380",si,,,,,,,,
Barcelona,Retobox,http://www.retobox.com,Celda,,6,,"41,43947900","2,19088530",si,2015-11-15,Bailongos,"3,5",,,no,,
Barcelona,Retobox,http://www.retobox.com,Capitán Pessoa,,2,,"41,43947900","2,19088530",si,,,,,,no,,
Barcelona,Retobox,http://www.retobox.com,Cabaret,,6,,"41,43947900","2,19088530",si,,,,,,,,
Barcelona,Roomin,http://www.roomin.es/es/,Roomin,,5,,"41,40454600","2,15310430",si,2015-12-13,Nadgi,"3,5",,,no,,
Barcelona,Room escape VIP,http://roomescapevip.com/,Monasterium,,6,,"41,36889420","2,13925640",si,,,,,,,,
Barcelona,Room of Riddle,http://barcelona.roomofriddles.com/,El capitán del puerto,,6,,"41,39078320","2,19716100",si,,,,,,no,,
Barcelona,Room of Riddle,http://barcelona.roomofriddles.com/,El coleccionista,,6,,"41,39078320","2,19716100",si,,,,,,no,,
Barcelona,Roombo Escape,http://roomboescape.es,Destiny,,6,,"41,37587620","2,14992800",si,,,,,,si,,
Barcelona,Señor escape,http://senorescape.es/,El prisionero,,7,,"41,40073540","2,17310810",si,,,,,,no,,
Barcelona,Señor escape,http://senorescape.es/,La isla,,10,,"41,40073540","2,17310810",si,,,,,,no,,
Barcelona,Señor escape,http://senorescape.es/,,,,,"41,40073540","2,17310810",no,,,,,,no,,
Barcelona,Simulacre vuit,http://roomescapesimulacrevuit.es/,Amazona,,6,,"41,42359850","2,17420770",si,2016-04-24,Nadia,3,,,no,,
Barcelona,Simulacre vuit,http://roomescapesimulacrevuit.es/,Firenze,,6,,"41,42359850","2,17420770",si,2016-04-24,Sergi,"2,5",,,no,,
Barcelona,Tactic room,http://www.tacticgame.es/,La casa paranormal,Terror,5,,"41,40734370","2,17472440",si,,,,,,no,,
Barcelona,Tactic room,http://www.tacticgame.es/,Chernóbil,,5,,"41,40734370","2,17472440",si,,,,,,no,,
Barcelona,Tactic room,http://www.tacticgame.es/,Epidemia Z,,5,,"41,40734370","2,17472440",si,,,,,,no,,
Barcelona,The house of whispers,http://thehouseofwhispers.com/,La historia de Myra Savage,Terror,5,,"41,40402650","2,16565960",si,2016-12-10,Alcaparrones,4,,,no,,
Barcelona,The resistance,http://www.resistanceroom.com/es/,Lanzadera alien,,8,,"41,38555690","2,12736750",si,,,,,,no,,
Barcelona,The rombo code,https://barcelona.therombocode.es/,La fuga de casanova,,,,"41,41035600","2,16868050",si,,,,,,,,
Barcelona,The Witching Hour,http://thewitchinghour.es/,La juguetería maldita,Terror,6,,"41,38475000","2,12850760",si,,,,,,no,,
Barcelona,The Witching Hour,http://thewitchinghour.es/,Can bruixa?,Terror,6,,"41,38475000","2,12850760",no,,,,,,no,,
Barcelona,The Witching Hour,http://thewitchinghour.es/,Terror en el Orient Express?,Terror,6,,"41,38475000","2,12850760",no,,,,,,no,,
Barcelona,Tic Tac room,http://tictacroom.es,Walter Gate,,6,,"41,37346900","2,12629830",si,2015-11-21,Alcaparrones,3,,,no,,
Barcelona,Tolok room escape,http://www.tolokroomescape.com/,El misterio maya,,5,,"41,43205320","2,17836150",si,,,,,,no,,
Barcelona,Top secret,http://www.topsecretbarcelona.com/,Ley seca,,6,,"41,40496470","2,19746060",si,,,,,,no,,
Barcelona,Totem room escape,http://totemescaperoom.com/,Las profecias de El Bosco,,6,,"41,43990440","2,16166820",si,,,,,,no,,
Barcelona,Training room,http://trainingroombcn.com/,,,6,,"41,37643400","2,13301850",si,,,,,,no,,
Barcelona,Últim avís,https://ultimavis.cat/,Últim avís,,5,,"41,39969200","2,15712130",si,2016-03-12,Bailongos,4,,,no,,
Barcelona,White rabbit,http://www.whiterabbit.cat,Invitation,Terror,6,,"41,38631320","2,15782160",si,2016-02-20,Bailongos,3,,,no,,
Barcelona,White rabbit,http://www.whiterabbit.cat,The thinking room,,2,,"41,38631320","2,15782160",si,,,,,,no,,
Barcelona,White rabbit,http://www.whiterabbit.cat,Playground,,20,,"41,38631320","2,15782160",si,,,,,,no,,
Barcelona,Xcape,http://www.juegosdeescapebarcelona.com/,El castillo de las tinieblas,Terror,8,,"41,37837200","2,14991930",si,,,,,,no,,
Barcelona,Xcape,http://www.juegosdeescapebarcelona.com/,Celda infernal,,8,,"41,37837200","2,14991930",si,,,,,,no,,
Barcelona,Xcape,http://www.juegosdeescapebarcelona.com/,El misterio del antiguo Egipto,,8,,"41,37837200","2,14991930",si,,,,,,no,,
Barcelona,Xcape,http://www.juegosdeescapebarcelona.com/,Galeria de cadaveres,,8,,"41,37837200","2,14991930",si,,,,,,,,
Barcelona,Xcape,http://www.juegosdeescapebarcelona.com/,Casino Royal,,8,,"41,37837200","2,14991930",si,,,,,,,,
Barcelona,Xcape,http://www.juegosdeescapebarcelona.com/,El diario de MIko,,8,,"41,37837200","2,14991930",si,,,,,,,,
Bilbao,Eskapa2,https://eskapa2.com/,VIaje a lo desconocido,,6,,"43,27479900","-2,95688000",si,2017-08-07,Nadgi,"4,3",,,no,,
Berga,Insomnia corporation,http://www.insomniacorp.com/,El còctel del doctor,Terror,6,,"42,09989720","1,83751740",si,2016-03-27,Nadgi,4,,,no,,
Berga,Insomnia corporation,http://www.insomniacorp.com/,XPERIMENT,Terror,5,,"42,09989720","1,83751740",si,,,,,,no,,
Castellfollit de Riubregos,Castellfollit aventura,http://castellfollitaventura.cat/escaperoom,,,6,,"41,78042200","1,44433800",si,,,,,,no,,
Cornellà de Llobregat,Indaga cornellà,http://www.indagacornella.com/,,,,,"41,36623340","2,07267030",no,,,,,,no,,
Cornellà de Llobregat,Last minute Cornella,https://www.facebook.com/lastminutecornella/,,,,,"41,35850080","2,07304830",si,,,,,,no,,
Cornellà de Llobregat,Missionleak,http://missionleak.com/es/,La Flor de Thaqar,,5,,"41,35653000","2,06931330",si,2015-03-21,Alcaparrones,5,,,no,,
Cornellà de Llobregat,Open mind room escape,http://openmindroomescape.es/,Misión S.W.A.T,,6,,"41,36477270","2,07537450",si,2017-07-16,Alcaparrones,"4,25",,,no,,
Cornellà de Llobregat,Sala Koala,http://www.salakoala.com/,La modelo,,,,"41,35479400","2,07271200",si,,,,,,no,,
Cubelles,Desafío pirata: the mysterious legand of cubelles,http://desafiopirata.com/,,,,,"41,19945490","1,66774620",si,,,,,,no,,
Esparraguera,The mystery rooms,http://themysteryrooms.com/,The Richardson's,Terror,5,,"41,52502000","1,85577830",si,,,,,,no,,
Figueres,Kiwi escape room,http://kiwiescaperoom.com/,Centro penitenciario Northwind,,5,,"42,26220580","2,94898690",si,,,,,,no,,
Figueres,Kiwi escape room,http://kiwiescaperoom.com/,Hotel del crimen,,5,,"42,26220580","2,94898690",no,,,,,,no,,
Figueres,Film escape room,http://filmescaperoom.com/,Sala 1,,5,,"42,27015080","2,96322060",si,,,,,,,,
Girona,Escapis,http://www.escapis.cat/es,,,,,"41,98498170","2,82072720",si,,,,,,no,,
Girona,Fugir,http://www.fugir.cat/,,,6,,,,si,,,,,,no,,
Gironella,Hostal 83,http://hostal83.wixsite.com/hostal83,,Terror,6,,"42,03458400","1,87775130",si,,,,,,no,,
Granollers,Agencia 846,http://www.agencia846.com/,Cas Namibia,,5,,"41,61164540","2,28645080",si,,,,,,no,,
Granollers,Escapa del miedo,https://escapadelmiedo.com/,Clown key,,6,,"41,60305480","2,28611310",si,,,,,,,,
Granollers,Granollers experience,http://granollersexperience.com/,Bandidos,,6,,"41,60961720","2,29033300",si,,,,,,no,,
Granollers,KeyPlay,http://www.keyplay.es/,Expediente Mallory,,6,,"41,60382230","2,28587260",si,,,,,,no,,
Hospitalet de LLobregat,Fauna room escape,http://www.faunaroomescape.com/,,,5,,"41,36906290","2,10677820",si,,,,,,,,
Hospitalet de LLobregat,Sala Enigma,http://hospitalet.salaenigma.com/,El último sefardí,,6,,"41,36309650","2,12274230",si,,,,,,,,
Hospitalet de LLobregat,Scroom BCN,http://www.scroombcn.com/,El piromano,,5,,"41,39065490","2,11289130",si,2017-02-04,Alcaparrones,4,,,no,,
Hospitalet de LLobregat,Room escape Hospi,http://roomescapehospi.com/,El juego de Ariel,,,,,,no,,,,,,no,,
Hospitalet de LLobregat,The X door,http://thexdoorbarcelona.com,White&Black,,6,,"41,36900700","2,12252830",si,,,,,,no,,
Hospitalet de LLobregat,The X door,http://thexdoorbarcelona.com,The haunted prision,,6,,"41,36900700","2,12252830",si,,,,,,no,,
Hospitalet de LLobregat,Unreal,http://unrealroomescape.es/,La mina,,6,,"41,36210700","2,12910000",si,2017-08-28,Alcaparrones,4,,,,,
Igualada,Runaway room escape,http://www.runawayescaperoom.com/,Venganza,,6,,"41,58166890","1,62624910",si,,,,,,,,
Lleida,Bluescape room,http://bluescaperoom.com/,Amenaza nuclear,,5,,"41,60864560","0,66226770",si,,,,,,no,,
Lleida,Escapa-T,http://escapatlleida.com/,Wild west,,7,,"41,62289700","0,62517370",si,,,,,,Las 3 cajas,8-25,http://escapatlleida.com/tres-cajas
LLoret de Mar,The gourmet escape room,https://www.escaperoomlloret.com/ca/,L'especial del xef,,7,,"41,70082150","2,84514190",si,,,,,,,,
Malgrat de Mar,Houdini escape room,http://www.escapehoudini.com/,El aprendiz de Houdini,,5,,"41,64086000","2,73492130",si,2017-10-22,Alcaparrones,"4,3",,,no,,
Malgrat de Mar,Houdini escape room,http://www.escapehoudini.com/,Houdini & Doyle,,5,,"41,64086000","2,73492130",si,,,,,,,,
Manresa,La clau room escape,http://www.laclauroomescape.com/,La caixa de Pandora,,6,,"41,72513330","1,81821980",si,,,,,,no,,
Manresa,La clau room escape,http://www.laclauroomescape.com/,Piramide de les estrelles,,6,,"41,72513330","1,81821980",no,,,,,,no,,
Manresa,Secret Room Escape,http://www.secretroomescape.com/,El misterio de Montserrat,,6,,"41,73204470","1,82591680",si,,,,,,no,,
Manresa,Secret Room Escape,http://www.secretroomescape.com/,Las estancias de la ama de llaves,,6,,"41,73204470","1,82591680",si,,,,,,no,,
Manresa,El codi Houdini,http://www.elcodihoudini.com/,Aventura,,6,,,,si,,,,,,no,,
Manresa,El codi Houdini,http://www.elcodihoudini.com/,Misteri,,6,,,,si,,,,,,no,,
Masnou,Escape Masnou,https://escapemasnou.com/,El submarino soviético,,5,,"41,47967050","2,30321390",si,2016-08-22,Alcaparrones,"4,6",,,no,,
Mataró,Cubick,http://cubickroomescape.es/,La entrevista,,6,,"41,53308910","2,44102900",si,2016-10-01,Nadgi,"4,5",,,MOORDER,16-48,http://cubickroomescape.es/juegos-escape/escape-room-empresas/
Mataró,Cubick,http://cubickroomescape.es/,El secuestro,,6,,"41,53308910","2,44102900",si,,,,,,no,,
Mataró,Cubick,http://boomescape.com,Boom Escape,,6,,"41,53308910","2,44102900",no,,,,,,no,,
Mataró,Enigmatiks,http://www.enigmatiks.com/ca/,,,,,"41,53735200","2,44440060",si,,,,,,no,,
Mataró,Effugium,http://www.effugium.es/,Amenaza bomba,,,,"41,54295680","2,42704320",si,,,,,,no,,
Mataró,La sortida,http://www.lasortida.es/,Codicia,,6,,"41,54083560","2,42967660",si,,,,,,no,,
Mataró,La sortida,http://www.lasortida.es/,,,,,"41,54083560","2,42967660",no,,,,,,no,,
Mataró,Secretbox,http://escaperoommataro.com/,The misterious room (cazafantasmas),,6,,"41,54487230","2,43492630",si,,,,,,,,
Mataró,Secretbox,http://escaperoommataro.com/,El equipo A,,,,"41,54487230","2,43492630",no,,,,,,,,
Mataró,Secretbox,http://escaperoommataro.com/,La momia,,,,"41,54487230","2,43492630",no,,,,,,,,
Molins de Rei,La soga,http://www.la-soga.com/,,,,,"41,40476700","2,02415230",si,2017-01-15,Alcaparrones,4,,,no,,
Mollet del Vallès,Trapped Mollet,http://www.trappedmollet.com/,,,,,"41,53319970","2,20663140",si,,,,,,no,,
Nueva York,Escape the room NYC,http://static.escapetheroomnyc.com/,Agency,,8,,"40,74732150","-73,98944540",si,2016-08-08,Nadgi,3,,,no,,
Olesa de Montserrat,Escapa 32,http://escapa32.com/,La fórmula de l'oli,,6,,"41,54196930","1,89346120",si,,,,,,,,
Oropesa del Mar,Secretorum,http://secretorum.es,,,,,"40,11306310","0,14737030",si,,,,,,no,,
Palamòs,ClaustroEuphoria,http://www.claustroeuphoria.com/,Viatge a la lluna,,,,"41,85773240","3,12597380",si,,,,,,no,,
Palamòs,ClaustroEuphoria,http://www.claustroeuphoria.com/,Aventura surrealista,,,,"41,85773240","3,12597380",si,,,,,,no,,
Pamplona,Overtime,https://overtimepamplona.es/,Cien años de perdón,,6,,"42,82172000","-1,65015600",si,2017-08-16,Nadgi,"4,5",,,no,,
Pineda de Mar,Challenge Escape,https://challengescape.es/,Allien Attack,,6,,"41,62889000","2,69327700",si,2017-10-22,Alcaparrones,"2,5",,,,,
Pineda de Mar,Lab escape,https://www.labescapepineda.com/,Proyecto Escaporium,,7,,"41,62824010","2,68898220",si,,,,,,,,
Pineda de Mar,Futura escape,https://futuraescape.com/,,,6,,"41,61835620","2,67115540",si,,,,,,,,
Platja d'Aro,Escape room world,http://www.escaperoom.world/,La platja perduda,,,,"41,81597440","3,06244700",si,,,,,,,,
Platja d'Aro,Escape room world,http://www.escaperoom.world/,Cop all casino,,,,"41,81597440","3,06244700",si,,,,,,,,
Reus,Enigmatik games,http://www.enigmatikgames.com/,CSI Costa Dorada,,,,"41,15124900","1,10825900",si,,,,,,no,,
Reus,Enigmatik games,http://www.enigmatikgames.com/,El golpe,,,,"41,15124900","1,10825900",si,,,,,,no,,
Sabadell,Escapem,http://escapem.com/,La sospecha,,5,,"41,53031070","2,11555600",si,2016-09-17,Alcaparrones,"3,75",,,no,,
Sabadell,Escapem,http://escapem.com/,Bajo zero,,6,,"41,53031070","2,11555600",si,,,,,,,,
Sabadell,Escapanimus,http://www.escapanimus.cat/es/,Victus,,7,,"41,55116700","2,10062000",si,,,,,,,,
Sabadell,Estelar trek,http://estelartrek.com/,,,5,,"41,56360230","2,08423480",si,,,,,,,,
Sant Adrià del Besòs,G point,http://gpoint.es/,,,4,,"41,41169270","2,22209300",no,,,,,,no,,
Sant Cugat del Vallès,Komnata Quest,http://komnataquest.es/barcelona/,Castillo Sant Angelo,,5,,"41,38624040","2,17848910",si,,,,,,no,,
Sant Cugat del Vallès,MI7 Medusa Corp,http://www.mi7medusacorp.com/,MI7 Medusa Corp,,5,,"41,47556530","2,05537170",si,,,,,,no,,
Sant Cugat del Vallès,SantQescape,http://santqescape.com/,Préssec en alquimia,,5,,"41,47274870","2,08274490",si,,,,,,,,
Sant Feliu de Llobregat,Room escape Sant Feliu,http://www.roomescapesantfeliu.com,Advocats,,5,,"41,38326930","2,04836750",no,2015-11-08,Nadgi,3,,,no,,
Sant Just d'Esvern,Skp game,http://www.skp-game.com/,Atahualpa,,,,"41,37972050","2,06893130",si,,,,,,no,,
Sant Just d'Esvern,Skp game,http://www.skp-game.com/,Biblioteca,,,,"41,37972050","2,06893130",si,,,,,,no,,
Sant Just d'Esvern,Skp game,http://www.skp-game.com/,Lancelot,,,,"41,37972050","2,06893130",si,,,,2 salas,,no,,
Sant Pere de Torello (Osona),Fluwin,http://www.fluwimoci.cat/,El secret de Sant Jordi,,,,"41,92929150","2,25291870",si,,,,,,no,,
Sant Vicenç dels Horts,Escape to SantVi,https://www.escapetosantvi.com/,La habitación de Nelly,,,,"41,39116300","2,01087930",si,,,,,,no,,
Sant Vicenç dels Horts,Escape to SantVi,https://www.escapetosantvi.com/,Charly el travieso,,,,"41,39116300","2,01087930",no,,,,,,no,,
Santa Coloma de Gramanet,Clue Hunter,http://www.cluehunterbarcelona.com/,El juego de Seed: Sótano,,,,"41,44898150","2,21208090",si,,,,,,no,,
Santa Coloma de Gramanet,Clue Hunter,http://www.cluehunterbarcelona.com/,Asesinato en el tren,,5,,"41,44898150","2,21208090",si,,,,,,no,,
Santander,Xkapa,https://xkapa.com/,La comisaria,,,,,,si,,,,,,no,,
Santander,Xkapa,https://xkapa.com/,La comisaria XL,,,,,,si,,,,,,no,,
Santiago de Compostela,Room escape compostela,-,La maldición de amy rosse,,,,,,si,,,,,,no,,
Santiago de Compostela,Room escape compostela,-,neutraliza la bomba,,,,,,si,,,,,,no,,
Sevilla,La busqueda,https://www.la-busqueda.com/,La vacuna del Dr. Painokovic,,6,,"37,37294200","-5,99745870",si,,,,,,,,
Sevilla,La busqueda,https://www.la-busqueda.com/,La joya de Takum,,6,,"37,37294200","-5,99745870",si,,,,,,,,
Sevilla,La busqueda,https://www.la-busqueda.com/,Poltergeist,,6,,"37,37294200","-5,99745870",,,,,,,,,
Sitges,Room escape Sitges,http://roomescapesitges.com/,El misterio del archivo abandonado,,,,"41,24055130","1,81064030",si,2016-10-12,Fibers,"3,75",,,no,,
Sitges,Sitgeskape,http://www.sitgescape.com/,Horror movie,Terror,5,,"41,23861490","1,80533600",si,2017-10-13,Fibers,2,,,no,,
Sitges,Sitgeskape,http://www.sitgescape.com/,Barco fantasma,,,,"41,23861490","1,80533600",no,,,,,,no,,
Tarragona,Fix the history,http://www.fixthehistory.com/,Acadèmia,,6,,,,si,,,,,,no,,
Tarragona,Habitakulum,http://habitakulum.com/ca/,L'antídot de Mr. Henry,,6,,"41,12050480","1,25074880",si,,,,,,,,
Tarragona,Habitakulum,http://habitakulum.com/ca/,El misteri dels monjos de la Cartoixa,,6,,"41,12050480","1,25074880",no,,,,,,,,
Terrassa,Cafè misteri,http://cafemisteri.cat/,,,,,"41,57052490","2,00878990",si,,,,,,no,,
Terrassa,Vive tu escape,http://www.vivetuescape.com/,Aventura pirata: El tesoro de drake,,6,,"41,52980700","2,03466530",si,,,,,,no,,
Terrassa,Vive tu escape,http://www.vivetuescape.com/,Brujeria,,6,,"41,52980700","2,03466530",no,,,,,,no,,
Terrassa,Vive tu escape,http://www.vivetuescape.com/,Boom escape,,12,,"41,52980700","2,03466530",,,,,,,,,
Tenerife,Exciting Game,http://excitinggame.es/es/,El mito del Teide,,6,,"28,05978970","-16,73567470",si,2015-08-23,Nadgi,3,,,no,,
Tenerife,Exciting Game,http://excitinggame.es/es/,El secreto del rey Guanche,,6,,"28,05978970","-16,73567470",si,,,,,,no,,
Tenerife,The Escape Area,http://www.theescapearea.com/,El apartamento,,5,,"28,35397480","-16,37264210",si,,,,,,no,,
Valladolid,Break the wall,https://www.breakthewall.es/,El misterio de Oberón,,6,,"41,64877600","-4,71748570",si,,,,,,,,
Vendrell,Escapastic,http://www.escapastic.com/,El laboratorio del Dr. Strauss,,,,"41,21851330","1,52898340",si,,,,,,no,,
Vendrell,Escapastic,http://www.escapastic.com/,El museo más peculiar del mundo,,,,"41,21851330","1,52898340",no,,,,,,no,,
Vendrell,Escapastic,http://www.escapastic.com/,Hospital horror story,Terror,,,"41,21851330","1,52898340",no,,,,,,no,,
Vic,Elementary,http://www.elementary.cat/,Sherlock Holmes: l'hora final,,6,,"41,93062960","2,25514230",si,,,,,,,,
Vic,Fluwim,http://www.fluwimoci.cat/es/,El secret de Sant Jordi,,7,,,,si,,,,,,no,,
Vic,Faif,http://escapefaif.com/,La taverna,,6,,"41,93121200","2,25525130",si,,,,,,no,,
Vilafranca del Penedès,Can Bruna,http://canbruna.cat/,Can Bruna,,5,,"41,34817870","1,70237110",si,2016-07-24,Alcaparrones,"4,5",,,no,,
Vilanova i la Geltrú,Too late room escape,http://www.toolateroomescape.com/,Sanatorio,,,,"41,22365060","1,73504400",no,,,,,,,,
Vilanova i la Geltrú,Scaparium,http://scaparium.com/,El robo,,,,"41,22527270","1,72093460",si,2016-03-05,Alcaparrones,"3,75",,,no,,
Vilanova i la Geltrú,Scaparium,http://scaparium.com/,Franky Resurrection,,,,"41,22527270","1,72093460",si,2017-04-09,Alcaparrones,"3,75",,,no,,
Vilanova i la Geltrú,Scaparium,http://boomescape.com,Boom Escape,,6,,"41,22527270","1,72093460",si,,,,,,no,,
Vitoria-Gasteiz,Kode Room Escape,http://koderoomescape.com/,El caso Mortenson,,6,,"42,85079900","-2,68280100",si,2017-08-10,Nadgi,"3,75",,,no,,
Zaragoza,Locked,http://lockedzgz.com/,Sherlocked,,,,"41,67242450","-0,88848880",si,,,,,,no,,
Zaragoza,Locked,http://lockedzgz.com/,,,,,,,no,,,,,,,,
,,,,,,,,,no,,,,,,,,
,,,,,,,,,no,,,,,,,,
,,,,,,,,,no,,,,,,,,
,,,,,,,,,no,,,,,,,,
,,,,,,,,,no,,,,,,,,
,,,,,,,,,no,,,,,,,,
,,,,,,,,,no,,,,,,,,
,,,,,,,,,no,,,,,,,,
,,,,,,,,,no,,,,,,,,
,,,,,,,,,no,,,,,,,,
,,,,,,,,,no,,,,,,,,
,,,,,,,,,no,,,,,,,,
,,,,,,,,,no,,,,,,,,
,,,,,,,,,no,,,,,,,,
,,,,,,,,,no,,,,,,,,
,,,,,,,,,no,,,,,,,,
,,,,,,,,,no,,,,,,,,
,,,,,,,,,no,,,,,,,,
,,,,,,,,,no,,,,,,,,
,,,,,,,,,no,,,,,,,,
,,,,,,,,,no,,,,,,,,
,,,,,,,,,no,,,,,,,,
,,,,,,,,,no,,,,,,,,
,,,,,,,,,no,,,,,,,,
,,,,,,,,,no,,,,,,,,
,,,,,,,,,no,,,,,,,,
,,,,,,,,,no,,,,,,,,
,,,,,,,,,no,,,,,,,,
,,,,,,,,,no,,,,,,,,
,,,,,,,,,no,,,,,,,,
,,,,,,,,,no,,,,,,,,
,,,,,,,,,no,,,,,,,,
,,,,,,,,,no,,,,,,,,
,,,,,,,,,no,,,,,,,,
,,,,,,,,,no,,,,,,,,
,,,,,,,,,no,,,,,,,,
,,,,,,,,,no,,,,,,,,
,,,,,,,,,no,,,,,,,,
,,,,,,,,,no,,,,,,,,